https://static.wixstatic.com/media/00f94f_99c50cabc4354ce785c4745313147e3ff002.jpg/v1/fill/w_2820,h_1586,enc_auto/file.jpeg	assets/drone/drone-01.jpg
https://static.wixstatic.com/media/00f94f_a02acf064c32486998ad3cf8a7eba8f0~mv2.jpg/v1/fill/w_2500,h_1633,al_c/00f94f_a02acf064c32486998ad3cf8a7eba8f0~mv2.jpg	assets/drone/drone-02.jpg
https://static.wixstatic.com/media/00f94f_3f4f14828d8b4c46ade30f347112d404f002.jpg/v1/fill/w_683,h_384,enc_auto/file.jpeg	assets/drone/drone-03.jpg
https://static.wixstatic.com/media/00f94f_fa887f05152d4c3fb90a9b1286417686f002.jpg/v1/fill/w_683,h_384,enc_auto/file.jpeg	assets/drone/drone-04.jpg
https://static.wixstatic.com/media/00f94f_4dd399c86e5d4e849266ae444cd154faf002.jpg/v1/fill/w_683,h_384,enc_auto/file.jpeg	assets/drone/drone-05.jpg
https://static.wixstatic.com/media/00f94f_6463e10f39394c7e90ec3ced1d5f955ff002.jpg/v1/fill/w_683,h_384,enc_auto/file.jpeg	assets/drone/drone-06.jpg
https://static.wixstatic.com/media/00f94f_968e61808b7d4107938f170929d0537bf002.jpg/v1/fill/w_683,h_384,enc_auto/file.jpeg	assets/drone/drone-07.jpg
https://static.wixstatic.com/media/00f94f_b4d62fd7e8e54e5ca6a47e8870fe46a8f002.jpg/v1/fill/w_683,h_384,enc_auto/file.jpeg	assets/drone/drone-08.jpg
https://static.wixstatic.com/media/00f94f_83189f47bac34615b3299c7547480103f002.jpg/v1/fill/w_683,h_384,enc_auto/file.jpeg	assets/drone/drone-09.jpg
https://static.wixstatic.com/media/00f94f_657c7e77f62a4f8e8826980938cf94c4f002.jpg/v1/fill/w_683,h_384,enc_auto/file.jpeg	assets/drone/drone-10.jpg
https://static.wixstatic.com/media/00f94f_5471c15fecdd4d6d88907257260c8389f002.jpg/v1/fill/w_683,h_384,enc_auto/file.jpeg	assets/drone/drone-11.jpg
https://static.wixstatic.com/media/00f94f_36377477e0814cc69b4b8d4da8c10ceef002.jpg/v1/fill/w_683,h_384,enc_auto/file.jpeg	assets/drone/drone-12.jpg
https://static.wixstatic.com/media/00f94f_d55b0fcbb5d6460a8822723f4c18b78af002.jpg/v1/fill/w_683,h_384,enc_auto/file.jpeg	assets/drone/drone-13.jpg
https://static.wixstatic.com/media/00f94f_36262fc0a1fe4f49bf3a66b35fbe8f13f002.jpg/v1/fill/w_683,h_384,enc_auto/file.jpeg	assets/drone/drone-14.jpg
https://static.wixstatic.com/media/00f94f_3f6e21a4f27c4d10b0ccc9ac68719475f002.jpg/v1/fill/w_683,h_384,enc_auto/file.jpeg	assets/drone/drone-15.jpg
https://static.wixstatic.com/media/00f94f_c4a17053565242349bf00ac5b90d8497f002.jpg/v1/fill/w_683,h_384,enc_auto/file.jpeg	assets/drone/drone-16.jpg
https://static.wixstatic.com/media/00f94f_a8604a385ee446349a97e9fdba1888a7f002.jpg/v1/fill/w_683,h_384,enc_auto/file.jpeg	assets/drone/drone-17.jpg
