/Users/thecave/Documents/Codex/2026-04-29/here-is-the-website-i-am/assets/food/display/live-food-01.jpg	1600x1067
/Users/thecave/Documents/Codex/2026-04-29/here-is-the-website-i-am/assets/food/display/live-food-02.jpg	1600x1067
/Users/thecave/Documents/Codex/2026-04-29/here-is-the-website-i-am/assets/food/display/live-food-03.jpg	1600x1067
/Users/thecave/Documents/Codex/2026-04-29/here-is-the-website-i-am/assets/food/display/live-food-04.jpg	1600x1067
/Users/thecave/Documents/Codex/2026-04-29/here-is-the-website-i-am/assets/food/display/live-food-05.jpg	1600x1067
/Users/thecave/Documents/Codex/2026-04-29/here-is-the-website-i-am/assets/food/display/live-food-06.jpg	1600x1063
/Users/thecave/Documents/Codex/2026-04-29/here-is-the-website-i-am/assets/food/display/live-food-07.jpg	1600x1066
/Users/thecave/Documents/Codex/2026-04-29/here-is-the-website-i-am/assets/food/display/live-food-08.jpg	1600x1072
/Users/thecave/Documents/Codex/2026-04-29/here-is-the-website-i-am/assets/food/display/live-food-09.jpg	1600x1067
/Users/thecave/Documents/Codex/2026-04-29/here-is-the-website-i-am/assets/food/display/live-food-10.jpg	1067x1600
/Users/thecave/Documents/Codex/2026-04-29/here-is-the-website-i-am/assets/food/display/live-food-11.jpg	1600x1067
/Users/thecave/Documents/Codex/2026-04-29/here-is-the-website-i-am/assets/food/display/live-food-12.jpg	1600x1067
/Users/thecave/Documents/Codex/2026-04-29/here-is-the-website-i-am/assets/food/display/live-food-13.jpeg	1067x1600
/Users/thecave/Documents/Codex/2026-04-29/here-is-the-website-i-am/assets/food/display/live-food-14.jpg	1600x1063
/Users/thecave/Documents/Codex/2026-04-29/here-is-the-website-i-am/assets/food/display/live-food-15.jpg	1600x1067
/Users/thecave/Documents/Codex/2026-04-29/here-is-the-website-i-am/assets/food/display/live-food-16.jpg	1600x1067
/Users/thecave/Documents/Codex/2026-04-29/here-is-the-website-i-am/assets/food/display/live-food-17.jpg	1600x1067
/Users/thecave/Documents/Codex/2026-04-29/here-is-the-website-i-am/assets/food/display/live-food-18.jpg	1600x1067
/Users/thecave/Documents/Codex/2026-04-29/here-is-the-website-i-am/assets/food/display/live-food-19.jpg	1067x1600
/Users/thecave/Documents/Codex/2026-04-29/here-is-the-website-i-am/assets/food/display/live-food-20.jpg	1600x1067
/Users/thecave/Documents/Codex/2026-04-29/here-is-the-website-i-am/assets/food/display/live-food-21.jpg	1600x1067
/Users/thecave/Documents/Codex/2026-04-29/here-is-the-website-i-am/assets/food/display/live-food-22.jpg	1600x1067
/Users/thecave/Documents/Codex/2026-04-29/here-is-the-website-i-am/assets/food/display/live-food-23.jpg	1063x1600
/Users/thecave/Documents/Codex/2026-04-29/here-is-the-website-i-am/assets/food/display/live-food-24.jpg	1067x1600
/Users/thecave/Documents/Codex/2026-04-29/here-is-the-website-i-am/assets/food/display/live-food-25.jpg	1600x1067
/Users/thecave/Documents/Codex/2026-04-29/here-is-the-website-i-am/assets/food/display/live-food-26.jpg	1600x1067
/Users/thecave/Documents/Codex/2026-04-29/here-is-the-website-i-am/assets/food/display/live-food-27.jpg	1600x1067
/Users/thecave/Documents/Codex/2026-04-29/here-is-the-website-i-am/assets/food/display/live-food-28.jpg	1067x1600
/Users/thecave/Documents/Codex/2026-04-29/here-is-the-website-i-am/assets/food/display/live-food-29.jpg	1600x1063
/Users/thecave/Documents/Codex/2026-04-29/here-is-the-website-i-am/assets/food/display/live-food-30.jpg	1600x1067
/Users/thecave/Documents/Codex/2026-04-29/here-is-the-website-i-am/assets/food/display/live-food-31.jpg	1600x1067
/Users/thecave/Documents/Codex/2026-04-29/here-is-the-website-i-am/assets/food/display/live-food-32.jpg	1600x1066
/Users/thecave/Documents/Codex/2026-04-29/here-is-the-website-i-am/assets/food/display/live-food-33.jpg	1600x1063
/Users/thecave/Documents/Codex/2026-04-29/here-is-the-website-i-am/assets/food/display/live-food-34.jpg	1600x1063
/Users/thecave/Documents/Codex/2026-04-29/here-is-the-website-i-am/assets/food/display/live-food-35.jpg	1600x1067
/Users/thecave/Documents/Codex/2026-04-29/here-is-the-website-i-am/assets/food/display/live-food-36.jpg	1067x1600
/Users/thecave/Documents/Codex/2026-04-29/here-is-the-website-i-am/assets/food/display/live-food-37.jpg	1600x1067
/Users/thecave/Documents/Codex/2026-04-29/here-is-the-website-i-am/assets/food/display/live-food-38.jpg	1600x1067
/Users/thecave/Documents/Codex/2026-04-29/here-is-the-website-i-am/assets/food/display/live-food-39.jpg	1600x1063
/Users/thecave/Documents/Codex/2026-04-29/here-is-the-website-i-am/assets/food/display/live-food-40.jpg	1600x1563
/Users/thecave/Documents/Codex/2026-04-29/here-is-the-website-i-am/assets/food/display/live-food-41.jpg	1067x1600
/Users/thecave/Documents/Codex/2026-04-29/here-is-the-website-i-am/assets/food/display/live-food-42.jpg	1600x1063
/Users/thecave/Documents/Codex/2026-04-29/here-is-the-website-i-am/assets/food/display/live-food-43.jpg	1600x1067
/Users/thecave/Documents/Codex/2026-04-29/here-is-the-website-i-am/assets/food/display/live-food-44.jpg	1600x1067
/Users/thecave/Documents/Codex/2026-04-29/here-is-the-website-i-am/assets/food/display/live-food-45.jpg	1600x1067
/Users/thecave/Documents/Codex/2026-04-29/here-is-the-website-i-am/assets/food/display/live-food-46.jpg	1600x1067
/Users/thecave/Documents/Codex/2026-04-29/here-is-the-website-i-am/assets/food/display/live-food-47.jpg	1600x1067
/Users/thecave/Documents/Codex/2026-04-29/here-is-the-website-i-am/assets/food/display/live-food-48.jpg	1600x1067
/Users/thecave/Documents/Codex/2026-04-29/here-is-the-website-i-am/assets/food/display/live-food-49.jpg	1600x1067
/Users/thecave/Documents/Codex/2026-04-29/here-is-the-website-i-am/assets/food/display/live-food-50.jpg	1600x1067
/Users/thecave/Documents/Codex/2026-04-29/here-is-the-website-i-am/assets/food/display/live-food-51.jpg	1600x1063
/Users/thecave/Documents/Codex/2026-04-29/here-is-the-website-i-am/assets/food/display/live-food-52.jpg	1600x1067
/Users/thecave/Documents/Codex/2026-04-29/here-is-the-website-i-am/assets/food/display/live-food-53.jpg	1600x1063
/Users/thecave/Documents/Codex/2026-04-29/here-is-the-website-i-am/assets/food/display/live-food-54.jpg	1600x1067
/Users/thecave/Documents/Codex/2026-04-29/here-is-the-website-i-am/assets/food/display/live-food-55.jpg	1600x1063
/Users/thecave/Documents/Codex/2026-04-29/here-is-the-website-i-am/assets/food/display/live-food-56.jpg	1067x1600
/Users/thecave/Documents/Codex/2026-04-29/here-is-the-website-i-am/assets/food/display/live-food-57.jpg	1600x1067
/Users/thecave/Documents/Codex/2026-04-29/here-is-the-website-i-am/assets/food/display/live-food-58.jpg	1066x1600
/Users/thecave/Documents/Codex/2026-04-29/here-is-the-website-i-am/assets/food/display/live-food-59.jpg	1067x1600
/Users/thecave/Documents/Codex/2026-04-29/here-is-the-website-i-am/assets/food/display/live-food-60.jpg	1600x1067
/Users/thecave/Documents/Codex/2026-04-29/here-is-the-website-i-am/assets/food/display/live-food-61.jpg	1600x1067
/Users/thecave/Documents/Codex/2026-04-29/here-is-the-website-i-am/assets/food/display/live-food-62.jpg	1066x1600
/Users/thecave/Documents/Codex/2026-04-29/here-is-the-website-i-am/assets/food/display/live-food-63.jpg	1600x1067
/Users/thecave/Documents/Codex/2026-04-29/here-is-the-website-i-am/assets/food/display/live-food-64.jpg	1600x1063
/Users/thecave/Documents/Codex/2026-04-29/here-is-the-website-i-am/assets/food/display/live-food-65.jpg	1063x1600
/Users/thecave/Documents/Codex/2026-04-29/here-is-the-website-i-am/assets/food/display/live-food-66.jpg	1600x1063
/Users/thecave/Documents/Codex/2026-04-29/here-is-the-website-i-am/assets/food/display/live-food-67.jpg	1600x1063
/Users/thecave/Documents/Codex/2026-04-29/here-is-the-website-i-am/assets/food/display/live-food-68.jpg	1600x1063
/Users/thecave/Documents/Codex/2026-04-29/here-is-the-website-i-am/assets/food/display/live-food-69.jpg	1600x1066
/Users/thecave/Documents/Codex/2026-04-29/here-is-the-website-i-am/assets/food/display/live-food-70.jpg	1600x1067
/Users/thecave/Documents/Codex/2026-04-29/here-is-the-website-i-am/assets/food/display/live-food-71.jpg	1067x1600
/Users/thecave/Documents/Codex/2026-04-29/here-is-the-website-i-am/assets/food/display/live-food-72.jpg	1600x1063
/Users/thecave/Documents/Codex/2026-04-29/here-is-the-website-i-am/assets/food/display/live-food-73.jpg	1600x1066
/Users/thecave/Documents/Codex/2026-04-29/here-is-the-website-i-am/assets/food/display/live-food-74.jpg	1600x1067
/Users/thecave/Documents/Codex/2026-04-29/here-is-the-website-i-am/assets/food/display/live-food-75.jpg	1600x1063
/Users/thecave/Documents/Codex/2026-04-29/here-is-the-website-i-am/assets/food/display/live-food-76.jpg	1600x1063
/Users/thecave/Documents/Codex/2026-04-29/here-is-the-website-i-am/assets/food/display/live-food-77.jpg	1067x1600
/Users/thecave/Documents/Codex/2026-04-29/here-is-the-website-i-am/assets/food/display/live-food-78.jpg	1080x1600
/Users/thecave/Documents/Codex/2026-04-29/here-is-the-website-i-am/assets/food/display/live-food-79.jpg	1600x1063
/Users/thecave/Documents/Codex/2026-04-29/here-is-the-website-i-am/assets/food/display/live-food-80.jpg	1600x1067
/Users/thecave/Documents/Codex/2026-04-29/here-is-the-website-i-am/assets/food/display/live-food-81.jpg	1067x1600
/Users/thecave/Documents/Codex/2026-04-29/here-is-the-website-i-am/assets/food/display/live-food-82.jpg	1600x1066
/Users/thecave/Documents/Codex/2026-04-29/here-is-the-website-i-am/assets/food/display/live-food-83.jpg	1600x1067
/Users/thecave/Documents/Codex/2026-04-29/here-is-the-website-i-am/assets/food/display/live-food-84.jpg	1600x1063
/Users/thecave/Documents/Codex/2026-04-29/here-is-the-website-i-am/assets/food/display/live-food-85.jpg	1600x1063
/Users/thecave/Documents/Codex/2026-04-29/here-is-the-website-i-am/assets/food/display/live-food-86.jpg	1067x1600
/Users/thecave/Documents/Codex/2026-04-29/here-is-the-website-i-am/assets/food/display/live-food-87.jpg	1600x1059
/Users/thecave/Documents/Codex/2026-04-29/here-is-the-website-i-am/assets/food/display/live-food-88.jpg	1067x1600
/Users/thecave/Documents/Codex/2026-04-29/here-is-the-website-i-am/assets/food/display/live-food-89.jpg	1600x1067
/Users/thecave/Documents/Codex/2026-04-29/here-is-the-website-i-am/assets/food/display/live-food-90.jpg	1067x1600
/Users/thecave/Documents/Codex/2026-04-29/here-is-the-website-i-am/assets/food/display/live-food-91.jpg	1600x1067
/Users/thecave/Documents/Codex/2026-04-29/here-is-the-website-i-am/assets/food/display/live-food-92.jpg	1600x1067
/Users/thecave/Documents/Codex/2026-04-29/here-is-the-website-i-am/assets/food/display/live-food-93.jpg	1600x1063
/Users/thecave/Documents/Codex/2026-04-29/here-is-the-website-i-am/assets/food/display/live-food-94.jpg	1067x1600
