https://static.wixstatic.com/media/00f94f_00cd5c192e4a438f916e147e9f2f5e4d~mv2.jpg	assets/food/live-food-01.jpg	00f94f_00cd5c192e4a438f916e147e9f2f5e4d~mv2.jpg
https://static.wixstatic.com/media/00f94f_02e86d1c005940f2ac61155bb319bc6e~mv2.jpg	assets/food/live-food-02.jpg	00f94f_02e86d1c005940f2ac61155bb319bc6e~mv2.jpg
https://static.wixstatic.com/media/00f94f_0d6b50201abc492b8bdd18e882cac492~mv2.jpg	assets/food/live-food-03.jpg	00f94f_0d6b50201abc492b8bdd18e882cac492~mv2.jpg
https://static.wixstatic.com/media/00f94f_0f1d818935c04ba6a8dc59b9771e06a3~mv2.jpg	assets/food/live-food-04.jpg	00f94f_0f1d818935c04ba6a8dc59b9771e06a3~mv2.jpg
https://static.wixstatic.com/media/00f94f_0fc0ef049e2b4d5eb82cce5ebbe21845~mv2.jpg	assets/food/live-food-05.jpg	00f94f_0fc0ef049e2b4d5eb82cce5ebbe21845~mv2.jpg
https://static.wixstatic.com/media/00f94f_0fe70e62cb164c34a86aa8c32daf893a~mv2.jpg	assets/food/live-food-06.jpg	00f94f_0fe70e62cb164c34a86aa8c32daf893a~mv2.jpg
https://static.wixstatic.com/media/00f94f_1189e68838104e998b10cce4542ecc66~mv2.jpg	assets/food/live-food-07.jpg	00f94f_1189e68838104e998b10cce4542ecc66~mv2.jpg
https://static.wixstatic.com/media/00f94f_16d57e615cad42a89ea80fd22f43a7ed~mv2.jpg	assets/food/live-food-08.jpg	00f94f_16d57e615cad42a89ea80fd22f43a7ed~mv2.jpg
https://static.wixstatic.com/media/00f94f_1a934af97922439f8da4f5737c955741~mv2.jpg	assets/food/live-food-09.jpg	00f94f_1a934af97922439f8da4f5737c955741~mv2.jpg
https://static.wixstatic.com/media/00f94f_221516d2b4314361834c6d4b02eebddb~mv2.jpg	assets/food/live-food-10.jpg	00f94f_221516d2b4314361834c6d4b02eebddb~mv2.jpg
https://static.wixstatic.com/media/00f94f_299feb89f9a348fa9c0c82388bb20eff~mv2.jpg	assets/food/live-food-11.jpg	00f94f_299feb89f9a348fa9c0c82388bb20eff~mv2.jpg
https://static.wixstatic.com/media/00f94f_2bbb3add8ef74a8d9d7f19d7fcf22b9d~mv2.jpg	assets/food/live-food-12.jpg	00f94f_2bbb3add8ef74a8d9d7f19d7fcf22b9d~mv2.jpg
https://static.wixstatic.com/media/00f94f_2ccd0c0f328e479ab3b4a79f9be2d6b3~mv2.jpeg	assets/food/live-food-13.jpeg	00f94f_2ccd0c0f328e479ab3b4a79f9be2d6b3~mv2.jpeg
https://static.wixstatic.com/media/00f94f_2cf58d2b1b954d4f8d4334a9152b68ce~mv2.jpg	assets/food/live-food-14.jpg	00f94f_2cf58d2b1b954d4f8d4334a9152b68ce~mv2.jpg
https://static.wixstatic.com/media/00f94f_30a023b6284d4ebf857adf6011f72daa~mv2.jpg	assets/food/live-food-15.jpg	00f94f_30a023b6284d4ebf857adf6011f72daa~mv2.jpg
https://static.wixstatic.com/media/00f94f_314282bf66444be884296f75d1c3e377~mv2.jpg	assets/food/live-food-16.jpg	00f94f_314282bf66444be884296f75d1c3e377~mv2.jpg
https://static.wixstatic.com/media/00f94f_3373667f07cf4269b1e91351e68a3872~mv2.jpg	assets/food/live-food-17.jpg	00f94f_3373667f07cf4269b1e91351e68a3872~mv2.jpg
https://static.wixstatic.com/media/00f94f_3614c5b9a8c746198365119df6d3b0af~mv2.jpg	assets/food/live-food-18.jpg	00f94f_3614c5b9a8c746198365119df6d3b0af~mv2.jpg
https://static.wixstatic.com/media/00f94f_3eb13d8f019745018998fefb2cb4e433~mv2.jpg	assets/food/live-food-19.jpg	00f94f_3eb13d8f019745018998fefb2cb4e433~mv2.jpg
https://static.wixstatic.com/media/00f94f_437948deeee3490181c095bbabbedf98~mv2.jpg	assets/food/live-food-20.jpg	00f94f_437948deeee3490181c095bbabbedf98~mv2.jpg
https://static.wixstatic.com/media/00f94f_43d38e4ca2564d698082e81ce43eb480~mv2.jpg	assets/food/live-food-21.jpg	00f94f_43d38e4ca2564d698082e81ce43eb480~mv2.jpg
https://static.wixstatic.com/media/00f94f_458d1eda417e400187a94dcd1112b1b6~mv2.jpg	assets/food/live-food-22.jpg	00f94f_458d1eda417e400187a94dcd1112b1b6~mv2.jpg
https://static.wixstatic.com/media/00f94f_477f50b4e02c49c0b061a050d2667239~mv2.jpg	assets/food/live-food-23.jpg	00f94f_477f50b4e02c49c0b061a050d2667239~mv2.jpg
https://static.wixstatic.com/media/00f94f_479fa763a3cb4514b041fdbe6326c6a0~mv2.jpg	assets/food/live-food-24.jpg	00f94f_479fa763a3cb4514b041fdbe6326c6a0~mv2.jpg
https://static.wixstatic.com/media/00f94f_48b5a8238d2e4eeeab046d58378b4888~mv2.jpg	assets/food/live-food-25.jpg	00f94f_48b5a8238d2e4eeeab046d58378b4888~mv2.jpg
https://static.wixstatic.com/media/00f94f_4bd1a123423941d4b57f23db8776db73~mv2.jpg	assets/food/live-food-26.jpg	00f94f_4bd1a123423941d4b57f23db8776db73~mv2.jpg
https://static.wixstatic.com/media/00f94f_4efd16d6f4c94d51ae1239c1843f55ec~mv2.jpg	assets/food/live-food-27.jpg	00f94f_4efd16d6f4c94d51ae1239c1843f55ec~mv2.jpg
https://static.wixstatic.com/media/00f94f_502585ecc77b421284fae03606c47499~mv2.jpg	assets/food/live-food-28.jpg	00f94f_502585ecc77b421284fae03606c47499~mv2.jpg
https://static.wixstatic.com/media/00f94f_55cd36c1faaa487ea40bae08614cf9ed~mv2.jpg	assets/food/live-food-29.jpg	00f94f_55cd36c1faaa487ea40bae08614cf9ed~mv2.jpg
https://static.wixstatic.com/media/00f94f_5765b9e856114255ad9cda5469b0a8f8~mv2.jpg	assets/food/live-food-30.jpg	00f94f_5765b9e856114255ad9cda5469b0a8f8~mv2.jpg
https://static.wixstatic.com/media/00f94f_5d93b7bd271f445c817c81ff1be50c34~mv2.jpg	assets/food/live-food-31.jpg	00f94f_5d93b7bd271f445c817c81ff1be50c34~mv2.jpg
https://static.wixstatic.com/media/00f94f_5ead046590d8454faf13e1217e31eb5a~mv2.jpg	assets/food/live-food-32.jpg	00f94f_5ead046590d8454faf13e1217e31eb5a~mv2.jpg
https://static.wixstatic.com/media/00f94f_6592db05e149400fb15edd7ac3867143~mv2.jpg	assets/food/live-food-33.jpg	00f94f_6592db05e149400fb15edd7ac3867143~mv2.jpg
https://static.wixstatic.com/media/00f94f_65a95dba9505469abe38d8d8a521e297~mv2.jpg	assets/food/live-food-34.jpg	00f94f_65a95dba9505469abe38d8d8a521e297~mv2.jpg
https://static.wixstatic.com/media/00f94f_65e32928c1b5455594261d18bf64ce3a~mv2.jpg	assets/food/live-food-35.jpg	00f94f_65e32928c1b5455594261d18bf64ce3a~mv2.jpg
https://static.wixstatic.com/media/00f94f_698fa76a626f4fd1987603f76f4dee38~mv2.jpg	assets/food/live-food-36.jpg	00f94f_698fa76a626f4fd1987603f76f4dee38~mv2.jpg
https://static.wixstatic.com/media/00f94f_6df85cc4776a4a97b04c7786259d50e5~mv2.jpg	assets/food/live-food-37.jpg	00f94f_6df85cc4776a4a97b04c7786259d50e5~mv2.jpg
https://static.wixstatic.com/media/00f94f_7655abb668de4726811e8d8df097a9ec~mv2.jpg	assets/food/live-food-38.jpg	00f94f_7655abb668de4726811e8d8df097a9ec~mv2.jpg
https://static.wixstatic.com/media/00f94f_791a5fc574a24b07b08565375121f230~mv2.jpg	assets/food/live-food-39.jpg	00f94f_791a5fc574a24b07b08565375121f230~mv2.jpg
https://static.wixstatic.com/media/00f94f_79706004f7ec48ac9bfb37bc322f37a6~mv2.jpg	assets/food/live-food-40.jpg	00f94f_79706004f7ec48ac9bfb37bc322f37a6~mv2.jpg
https://static.wixstatic.com/media/00f94f_7ff3a72979f140c18fb0d063039c1ebe~mv2.jpg	assets/food/live-food-41.jpg	00f94f_7ff3a72979f140c18fb0d063039c1ebe~mv2.jpg
https://static.wixstatic.com/media/00f94f_8749ed899ddf4a74873e48024a1fce81~mv2.jpg	assets/food/live-food-42.jpg	00f94f_8749ed899ddf4a74873e48024a1fce81~mv2.jpg
https://static.wixstatic.com/media/00f94f_877a8c9a28a145249142daaed1b880f3~mv2.jpg	assets/food/live-food-43.jpg	00f94f_877a8c9a28a145249142daaed1b880f3~mv2.jpg
https://static.wixstatic.com/media/00f94f_87a6d26fb612434290c3a592cfb30ba1~mv2.jpg	assets/food/live-food-44.jpg	00f94f_87a6d26fb612434290c3a592cfb30ba1~mv2.jpg
https://static.wixstatic.com/media/00f94f_89bffe87bd304b30959471c643cc4404~mv2.jpg	assets/food/live-food-45.jpg	00f94f_89bffe87bd304b30959471c643cc4404~mv2.jpg
https://static.wixstatic.com/media/00f94f_8bf66de375b94cfd802dceb1b908d6d9~mv2.jpg	assets/food/live-food-46.jpg	00f94f_8bf66de375b94cfd802dceb1b908d6d9~mv2.jpg
https://static.wixstatic.com/media/00f94f_8e4872c79f8741b391885701984b7e69~mv2.jpg	assets/food/live-food-47.jpg	00f94f_8e4872c79f8741b391885701984b7e69~mv2.jpg
https://static.wixstatic.com/media/00f94f_900d2c64f14c4621b8172aab3990f71c~mv2.jpg	assets/food/live-food-48.jpg	00f94f_900d2c64f14c4621b8172aab3990f71c~mv2.jpg
https://static.wixstatic.com/media/00f94f_916e7414915949d1849c37b8b78b60ab~mv2.jpg	assets/food/live-food-49.jpg	00f94f_916e7414915949d1849c37b8b78b60ab~mv2.jpg
https://static.wixstatic.com/media/00f94f_926fd530163048ad9a3b4d7fb9ca030f~mv2.jpg	assets/food/live-food-50.jpg	00f94f_926fd530163048ad9a3b4d7fb9ca030f~mv2.jpg
https://static.wixstatic.com/media/00f94f_93cf3f7cc31d405f985d5e4de3c7e1b2~mv2.jpg	assets/food/live-food-51.jpg	00f94f_93cf3f7cc31d405f985d5e4de3c7e1b2~mv2.jpg
https://static.wixstatic.com/media/00f94f_95114cb10def405f8378a71544bd9246~mv2.jpg	assets/food/live-food-52.jpg	00f94f_95114cb10def405f8378a71544bd9246~mv2.jpg
https://static.wixstatic.com/media/00f94f_99f697eb74e7405b922124b80fe2b4ec~mv2.jpg	assets/food/live-food-53.jpg	00f94f_99f697eb74e7405b922124b80fe2b4ec~mv2.jpg
https://static.wixstatic.com/media/00f94f_9a09481e249e403f87f00ee877be87c6~mv2.jpg	assets/food/live-food-54.jpg	00f94f_9a09481e249e403f87f00ee877be87c6~mv2.jpg
https://static.wixstatic.com/media/00f94f_a1148f2be9434287865051737295d316~mv2.jpg	assets/food/live-food-55.jpg	00f94f_a1148f2be9434287865051737295d316~mv2.jpg
https://static.wixstatic.com/media/00f94f_a454d0f8739d44a3bed0e9261d037643~mv2.jpg	assets/food/live-food-56.jpg	00f94f_a454d0f8739d44a3bed0e9261d037643~mv2.jpg
https://static.wixstatic.com/media/00f94f_a4673192bf5d4327aa0e191082d38c12~mv2.jpg	assets/food/live-food-57.jpg	00f94f_a4673192bf5d4327aa0e191082d38c12~mv2.jpg
https://static.wixstatic.com/media/00f94f_a8edba408dc547bfb672581e9cc252f6~mv2.jpg	assets/food/live-food-58.jpg	00f94f_a8edba408dc547bfb672581e9cc252f6~mv2.jpg
https://static.wixstatic.com/media/00f94f_a96960689e374ddca60c17a30f2fffb3~mv2.jpg	assets/food/live-food-59.jpg	00f94f_a96960689e374ddca60c17a30f2fffb3~mv2.jpg
https://static.wixstatic.com/media/00f94f_ac3b114b2bb84a7ba938946a124e519e~mv2.jpg	assets/food/live-food-60.jpg	00f94f_ac3b114b2bb84a7ba938946a124e519e~mv2.jpg
https://static.wixstatic.com/media/00f94f_b0f3128265d540be93e4a0146b0588db~mv2.jpg	assets/food/live-food-61.jpg	00f94f_b0f3128265d540be93e4a0146b0588db~mv2.jpg
https://static.wixstatic.com/media/00f94f_b29ffe31e5c145bba3370b6e54f8808c~mv2.jpg	assets/food/live-food-62.jpg	00f94f_b29ffe31e5c145bba3370b6e54f8808c~mv2.jpg
https://static.wixstatic.com/media/00f94f_b36d71e1ff404caa8d72c1d46fe271f0~mv2.jpg	assets/food/live-food-63.jpg	00f94f_b36d71e1ff404caa8d72c1d46fe271f0~mv2.jpg
https://static.wixstatic.com/media/00f94f_b816b53843fd4c72a507b836889dd47f~mv2.jpg	assets/food/live-food-64.jpg	00f94f_b816b53843fd4c72a507b836889dd47f~mv2.jpg
https://static.wixstatic.com/media/00f94f_bf1397409b8e409e8b92c4ab4f22b341~mv2.jpg	assets/food/live-food-65.jpg	00f94f_bf1397409b8e409e8b92c4ab4f22b341~mv2.jpg
https://static.wixstatic.com/media/00f94f_c130b511e3cf4938a8a92c50dac1da6b~mv2.jpg	assets/food/live-food-66.jpg	00f94f_c130b511e3cf4938a8a92c50dac1da6b~mv2.jpg
https://static.wixstatic.com/media/00f94f_c6e3dd08737d406da098c7a15a134014~mv2.jpg	assets/food/live-food-67.jpg	00f94f_c6e3dd08737d406da098c7a15a134014~mv2.jpg
https://static.wixstatic.com/media/00f94f_c731dbb1b87b449b94ad7304bfd17bd6~mv2.jpg	assets/food/live-food-68.jpg	00f94f_c731dbb1b87b449b94ad7304bfd17bd6~mv2.jpg
https://static.wixstatic.com/media/00f94f_cb32a4876b354a9ca07919d9188d28c0~mv2.jpg	assets/food/live-food-69.jpg	00f94f_cb32a4876b354a9ca07919d9188d28c0~mv2.jpg
https://static.wixstatic.com/media/00f94f_ccfacb473b8b4a89965b93e6134fd7ad~mv2.jpg	assets/food/live-food-70.jpg	00f94f_ccfacb473b8b4a89965b93e6134fd7ad~mv2.jpg
https://static.wixstatic.com/media/00f94f_cd7d4308d504473b8b297f40a324bf23~mv2.jpg	assets/food/live-food-71.jpg	00f94f_cd7d4308d504473b8b297f40a324bf23~mv2.jpg
https://static.wixstatic.com/media/00f94f_ceb5d1582b674303a00bfc5574fc1efc~mv2.jpg	assets/food/live-food-72.jpg	00f94f_ceb5d1582b674303a00bfc5574fc1efc~mv2.jpg
https://static.wixstatic.com/media/00f94f_cf430b33145c45d39b0b2a3b4554af6d~mv2.jpg	assets/food/live-food-73.jpg	00f94f_cf430b33145c45d39b0b2a3b4554af6d~mv2.jpg
https://static.wixstatic.com/media/00f94f_d1af3273325c494e82396c36f1873af0~mv2.jpg	assets/food/live-food-74.jpg	00f94f_d1af3273325c494e82396c36f1873af0~mv2.jpg
https://static.wixstatic.com/media/00f94f_d3be94a96f004244b6d169ffb3e7d1e5~mv2.jpg	assets/food/live-food-75.jpg	00f94f_d3be94a96f004244b6d169ffb3e7d1e5~mv2.jpg
https://static.wixstatic.com/media/00f94f_d5779551cd33488280f667d02a71571e~mv2.jpg	assets/food/live-food-76.jpg	00f94f_d5779551cd33488280f667d02a71571e~mv2.jpg
https://static.wixstatic.com/media/00f94f_d5e7b2aecb344dd191da6adc792fcee7~mv2.jpg	assets/food/live-food-77.jpg	00f94f_d5e7b2aecb344dd191da6adc792fcee7~mv2.jpg
https://static.wixstatic.com/media/00f94f_d78e399592c049188f7e9dd072672de2~mv2.jpg	assets/food/live-food-78.jpg	00f94f_d78e399592c049188f7e9dd072672de2~mv2.jpg
https://static.wixstatic.com/media/00f94f_d9c96cc30cc649b89a540c11dafbe66f~mv2.jpg	assets/food/live-food-79.jpg	00f94f_d9c96cc30cc649b89a540c11dafbe66f~mv2.jpg
https://static.wixstatic.com/media/00f94f_dd239b82e0a14d4f8b744d71c31f8ace~mv2.jpg	assets/food/live-food-80.jpg	00f94f_dd239b82e0a14d4f8b744d71c31f8ace~mv2.jpg
https://static.wixstatic.com/media/00f94f_df27ce4b7fdc4f338daf51e94f96fcad~mv2.jpg	assets/food/live-food-81.jpg	00f94f_df27ce4b7fdc4f338daf51e94f96fcad~mv2.jpg
https://static.wixstatic.com/media/00f94f_e02d2ef3f3574f8e8ecdcc492b45c4a3~mv2.jpg	assets/food/live-food-82.jpg	00f94f_e02d2ef3f3574f8e8ecdcc492b45c4a3~mv2.jpg
https://static.wixstatic.com/media/00f94f_e0fe68b0b56f4fc7bfeb606a56170206~mv2.jpg	assets/food/live-food-83.jpg	00f94f_e0fe68b0b56f4fc7bfeb606a56170206~mv2.jpg
https://static.wixstatic.com/media/00f94f_e0fe71635e924751993430ac2bcf3063~mv2.jpg	assets/food/live-food-84.jpg	00f94f_e0fe71635e924751993430ac2bcf3063~mv2.jpg
https://static.wixstatic.com/media/00f94f_e25c4c0308614b88a2f58a7adaba233e~mv2.jpg	assets/food/live-food-85.jpg	00f94f_e25c4c0308614b88a2f58a7adaba233e~mv2.jpg
https://static.wixstatic.com/media/00f94f_e55063e481b1491180418c1ea9abd265~mv2.jpg	assets/food/live-food-86.jpg	00f94f_e55063e481b1491180418c1ea9abd265~mv2.jpg
https://static.wixstatic.com/media/00f94f_e72ae2c8513846c28e152103c956f053~mv2.jpg	assets/food/live-food-87.jpg	00f94f_e72ae2c8513846c28e152103c956f053~mv2.jpg
https://static.wixstatic.com/media/00f94f_e8d00587697e417fb76255c03ca28d05~mv2.jpg	assets/food/live-food-88.jpg	00f94f_e8d00587697e417fb76255c03ca28d05~mv2.jpg
https://static.wixstatic.com/media/00f94f_e9f11b6be69c4ddbaff71bcddcab2168~mv2.jpg	assets/food/live-food-89.jpg	00f94f_e9f11b6be69c4ddbaff71bcddcab2168~mv2.jpg
https://static.wixstatic.com/media/00f94f_ee91acdd2d88490fa7a54b0a41eeca54~mv2.jpg	assets/food/live-food-90.jpg	00f94f_ee91acdd2d88490fa7a54b0a41eeca54~mv2.jpg
https://static.wixstatic.com/media/00f94f_f189db1fd2c049d588908f61872df94d~mv2.jpg	assets/food/live-food-91.jpg	00f94f_f189db1fd2c049d588908f61872df94d~mv2.jpg
https://static.wixstatic.com/media/00f94f_f22e7e155fe64ee4b4e01ef96a3beac3~mv2.jpg	assets/food/live-food-92.jpg	00f94f_f22e7e155fe64ee4b4e01ef96a3beac3~mv2.jpg
https://static.wixstatic.com/media/00f94f_fdb737de86b946e9898b6fc96e720dd7~mv2.jpg	assets/food/live-food-93.jpg	00f94f_fdb737de86b946e9898b6fc96e720dd7~mv2.jpg
https://static.wixstatic.com/media/00f94f_fe8a6f4d509c4cc4a45574036e364e44~mv2.jpg	assets/food/live-food-94.jpg	00f94f_fe8a6f4d509c4cc4a45574036e364e44~mv2.jpg
